District,Member,Party,Party.1,Prior experience,Education,Assumed office,Residence,Born[2]
Alabama 1,Jerry Carl,,Republican,Mobile County Commission,Florida Gateway College,2021,Mobile,(age 64)
Alabama 2,Barry Moore,,Republican,Alabama House of Representatives,Enterprise State Community College (AS)Auburn University (BS),2021,Enterprise,(age 55)
Alabama 3,Mike Rogers,,Republican,Calhoun County CommissionerAlabama House of Representatives,"Jacksonville State University (BA, MPA)Birmingham School of Law (JD)",2003,Anniston[3],(age 64)
Alabama 4,Robert Aderholt,,Republican,Haleyville Municipal Judge,University of North AlabamaBirmingham–Southern College (BA)Samford University (JD),1997,Haleyville,(age 57)
Alabama 5,Mo Brooks,,Republican,Alabama House of RepresentativesMadison County Commissioner,Duke University (BA)University of Alabama (JD),2011,Huntsville,(age 68)
Alabama 6,Gary Palmer,,Republican,Policy analyst,University of Alabama (BS),2015,Hoover,(age 68)
Alabama 7,Terri Sewell,,Democratic,Attorney,"Princeton University (BA)St Hilda's College, Oxford (MA)Harvard University (JD)",2011,Birmingham,(age 57)
Alaska at-large,VACANT,VACANT,VACANT,VACANT,VACANT,VACANT,VACANT,VACANT
Arizona 1,Tom O'Halleran,,Democratic,Arizona Senate,Lewis UniversityDePaul University,2017,Sedona,(age 76)
Arizona 2,Ann Kirkpatrick,,Democratic,U.S. HouseArizona House of Representatives,"University of Arizona (BA, JD)",2019,Tucson,(age 72)
Arizona 3,Raúl Grijalva,,Democratic,Pima County Board of Supervisors,University of Arizona (BA),2003,Tucson,(age 74)
Arizona 4,Paul Gosar,,Republican,President of the Northern Arizona Dental Society,"Creighton University (BS, DDS)",2011,Prescott,(age 63)
Arizona 5,Andy Biggs,,Republican,Arizona Senate,"Brigham Young University (BA)University of Arizona (JD)Arizona State University, Phoenix (MA)",2017,Gilbert,(age 63)
Arizona 6,David Schweikert,,Republican,Arizona House of RepresentativesArizona Board of EducationArizona Board of EqualizationMaricopa County Treasurer,"Arizona State University, Tempe (BS, MBA)",2011,Fountain Hills[4],(age 60)
Arizona 7,Ruben Gallego,,Democratic,Arizona House of Representatives,Harvard University (BA),2015,Phoenix,(age 42)
Arizona 8,Debbie Lesko,,Republican,Arizona House of RepresentativesArizona SenatePresident Pro Tempore of Arizona Senate,University of Wisconsin–Madison (BA),2018 (special),Peoria,(age 63)
Arizona 9,Greg Stanton,,Democratic,Mayor of Phoenix,Marquette University (BA)University of Michigan (JD),2019,Phoenix,(age 52)
Arkansas 1,Rick Crawford,,Republican,BroadcasterBusinessman,Arkansas State University (BS),2011,Jonesboro,(age 56)
Arkansas 2,French Hill,,Republican,Businessman,Vanderbilt University (BS),2015,Little Rock,(age 65)
Arkansas 3,Steve Womack,,Republican,Mayor of Rogers,Arkansas Tech University (BA),2011,Rogers,(age 65)
Arkansas 4,Bruce Westerman,,Republican,Arkansas House of Representatives,University of Arkansas (BS)Yale University (MS),2015,Hot Springs,(age 54)
California 1,Doug LaMalfa,,Republican,California State SenateCalifornia State Assembly,Butte CollegeCalifornia Polytechnic State University (BS),2013,Oroville[5],(age 62)
California 2,Jared Huffman,,Democratic,California State Assembly,"University of California, Santa Barbara (BA)Boston College (JD)",2013,San Rafael,(age 58)
California 3,John Garamendi,,Democratic,United States Deputy Secretary of the InteriorLieutenant Governor of CaliforniaCalifornia Insurance CommissionerCalifornia State SenateCalifornia State Assembly,"University of California, Berkeley (BA)Harvard University (MBA)",2009 (special),Walnut Grove,(age 77)
California 4,Tom McClintock,,Republican,California SenateCalifornia State Assembly,"University of California, Los Angeles (BA)",2009,Elk Grove,(age 66)
California 5,Mike Thompson,,Democratic,California State Senate,"Napa Valley CollegeCalifornia State University, Chico (BA, MPA)",1999,St. Helena,(age 71)
California 6,Doris Matsui,,Democratic,Sacramento City Council,"University of California, Berkeley (BA)",2005 (special),Sacramento,(age 77)
California 7,Ami Bera,,Democratic,Chief Medical Officer of Sacramento County,"University of California, Irvine (BS, MD)",2013,Elk Grove,(age 57)
California 8,Jay Obernolte,,Republican,California State AssemblyVideo game developer,"California Institute of Technology (BS) University of California, Los Angeles (MS)",2021,Big Bear Lake,(age 51)
California 9,Jerry McNerney,,Democratic,Engineering executive,"United States Military AcademyUniversity of New Mexico (BS, MS, PhD)",2007,Stockton,(age 71)
California 10,Josh Harder,,Democratic,Venture capitalistProfessor,"Stanford University (BA)Harvard University (MBA, MPP)",2019,Turlock,(age 35)
California 11,Mark DeSaulnier,,Democratic,California State SenateCalifornia State AssemblyContra Costa County Board of Supervisors,College of the Holy Cross (BA),2015,Concord,(age 70)
California 12,Nancy Pelosi,,Democratic,California Democratic Party Chair,Trinity Washington University (BA),1987 (special),San Francisco,(age 82)
California 13,Barbara Lee,,Democratic,California State Assembly,"Mills College (BA)University of California, Berkeley (MSW)",1998 (special),Oakland,(age 76)
California 14,Jackie Speier,,Democratic,California State SenateCalifornia State AssemblySan Mateo County Board of Supervisors,"University of California, Davis (BA)University of California, Hastings (JD)",2008 (special),Hillsborough,(age 72)
California 15,Eric Swalwell,,Democratic,Dublin City Council,"Campbell UniversityUniversity of Maryland, College Park (BA)University of Maryland, Baltimore (JD)",2013,Dublin,(age 41)
California 16,Jim Costa,,Democratic,California State SenateCalifornia State Assembly,"California State University, Fresno (BA)",2005,Fresno,(age 70)
California 17,Ro Khanna,,Democratic,AttorneyAuthorEducator,University of Chicago (BA)Yale University (JD),2017,Fremont,(age 45)
California 18,Anna Eshoo,,Democratic,San Mateo County Board of Supervisors,Cañada College,1993,Atherton,(age 79)
California 19,Zoe Lofgren,,Democratic,Santa Clara County Board of Supervisors,Stanford University (BA)Santa Clara University(JD),1995,San Jose,(age 74)
California 20,Jimmy Panetta,,Democratic,Deputy district attorney of Monterey County,"Monterey Peninsula CollegeUniversity of California, Davis (BA)Santa Clara University(JD)",2017,Carmel Valley,(age 52)
California 21,David Valadao,,Republican,U.S. HouseCalifornia State AssemblyFarmer,College of the Sequoias,2021,Hanford,(age 45)
California 22,Connie Conway,,Republican,California State Assembly,"College of the SequoiasCalifornia State University, Fresno",2022 (special),Tulare,(age 71)
California 23,Kevin McCarthy,,Republican,California State Assembly,"California State University, Bakersfield (BS, MBA)",2007,Bakersfield,(age 57)
California 24,Salud Carbajal,,Democratic,Santa Barbara County Board of Supervisors,"University of California, Santa Barbara (BA)Fielding Graduate University (MA)",2017,Santa Barbara,(age 57)
California 25,Mike Garcia,,Republican,BusinessmanUnited States Navy,United States Naval Academy (BS)Georgetown University (MA),2020 (special),Santa Clarita,(age 46)
California 26,Julia Brownley,,Democratic,California State Assembly,George Washington University (BA)American University (MBA),2013,Westlake Village[6],(age 69)
California 27,Judy Chu,,Democratic,Mayor of Monterey ParkMonterey Park City CouncilCalifornia State AssemblyCalifornia State Board of Equalization,"University of California, Los Angeles (BA)Alliant International University (MA, PhD)",2009 (special),Monterey Park,(age 69)
California 28,Adam Schiff,,Democratic,California State SenateAssistant Prosecutor for theUnited States Attorney for the Southern District of California,Stanford University (BA)Harvard University (JD),2001,Burbank,(age 62)
California 29,Tony Cárdenas,,Democratic,Los Angeles City Council,"University of California, Santa Barbara (BS)",2013,Pacoima[7],(age 59)
California 30,Brad Sherman,,Democratic,California Board of Equalization,"University of California, Los Angeles (BA)Harvard University (JD)",1997,Sherman Oaks,(age 67)
California 31,Pete Aguilar,,Democratic,Mayor of Redlands,University of Redlands (BS),2015,Redlands,(age 43)
California 32,Grace Napolitano,,Democratic,California State Assembly,Cerritos CollegeTexas Southmost College,1999,Norwalk,(age 85)
California 33,Ted Lieu,,Democratic,California State SenateCalifornia State Assembly,"Stanford University (BA, BS)Georgetown University (JD)",2015,Torrance,(age 53)
California 34,Jimmy Gomez,,Democratic,California State Assembly,"University of California, Los Angeles (BA)Harvard University (MPP)",2017 (special),Los Angeles,(age 47)
California 35,Norma Torres,,Democratic,California State SenateCalifornia State AssemblyMayor of Pomona,National Labor College (BA),2015,Pomona,(age 57)
California 36,Raul Ruiz,,Democratic,Emergency physician,"University of California, Los Angeles (BS)Harvard University (MD, MPP, MPH)",2013,Coachella[8],(age 49)
California 37,Karen Bass,,Democratic,Speaker of the California State Assembly,"San Diego State UniversityCalifornia State University, Dominguez Hills (BS)",2011,Los Angeles[9],(age 68)
California 38,Linda Sánchez,,Democratic,Attorney,"University of California, Berkeley (BA)University of California, Los Angeles (JD)",2003,Whittier[10],(age 53)
California 39,Young Kim,,Republican,California State Assembly,University of Southern California (BBA),2021,La Habra,(age 59)
California 40,Lucille Roybal-Allard,,Democratic,California State Assembly Public relations executive,"California State University, Los Angeles (BA)",1993,Downey,(age 81)
California 41,Mark Takano,,Democratic,Teacher,"Harvard University (BA)University of California, Riverside (MFA)",2013,Riverside,(age 61)
California 42,Ken Calvert,,Republican,Real estate executive,Chaffey CollegeSan Diego State University (BA),1993,Corona,(age 69)
California 43,Maxine Waters,,Democratic,California State Assembly,"California State University, Los Angeles (BA)",1991,Los Angeles[11],(age 83)
California 44,Nanette Barragán,,Democratic,Hermosa Beach City Council,"University of California, Los Angeles (BA)University of Southern California (JD)",2017,San Pedro,(age 45)
California 45,Katie Porter,,Democratic,AttorneyProfessor,Yale University (BA)Harvard University (JD),2019,Irvine,(age 48)
California 46,Lou Correa,,Democratic,California State SenateOrange County Board of SupervisorsCalifornia State Assembly,"California State University, Fullerton (BA)University of California, Los Angeles (JD, MBA)",2017,Santa Ana,(age 64)
California 47,Alan Lowenthal,,Democratic,California State SenateCalifornia State Assembly,"Hobart College (BA)Ohio State University (MA, PhD)",2013,Long Beach,(age 81)
California 48,Michelle Steel,,Republican,Orange County Board of SupervisorsCalifornia State Board of Equalization,Pepperdine University (BA)University of Southern California (MBA),2021,Surfside,(age 67)
California 49,Mike Levin,,Democratic,Environmental activist,Stanford University (BA)Duke University (JD),2019,San Juan Capistrano,(age 43)
California 50,Darrell Issa,,Republican,BusinessmanU.S. House,Siena Heights University (BA),2021,San Diego[12],(age 68)
California 51,Juan Vargas,,Democratic,California State SenateCalifornia State AssemblySan Diego City Council,University of San Diego (BA)Fordham University (MA)Harvard University (JD),2013,San Diego[13],(age 61)
California 52,Scott Peters,,Democratic,San Diego City CouncilSan Diego Port Commission,Duke University (BA)New York University (JD),2013,San Diego[14],(age 64)
California 53,Sara Jacobs,,Democratic,Nonprofit founderPolicy advisor,"Columbia University (BA, MIA)",2021,San Diego,(age 33)
Colorado 1,Diana DeGette,,Democratic,Colorado House of Representatives,Colorado College (BA)New York University (JD),1997,Denver,(age 64)
Colorado 2,Joe Neguse,,Democratic,Executive Director of the Colorado Department of Regulatory AgenciesRegents of the University of Colorado,"University of Colorado, Boulder (BA, JD)",2019,Lafayette[15],(age 38)
Colorado 3,Lauren Boebert,,Republican,BusinesswomanRestauranteur,–,2021,Silt,(age 35)
Colorado 4,Ken Buck,,Republican,Weld County District Attorney,Princeton University (BA)University of Wyoming (JD),2015,Windsor[16],(age 63)
Colorado 5,Doug Lamborn,,Republican,President Pro Tempore of the Colorado SenateColorado House of Representatives,"University of Kansas (BS, JD)",2007,Colorado Springs,(age 68)
Colorado 6,Jason Crow,,Democratic,AttorneyU.S. Army Captain,"University of Wisconsin, Madison (BA)University of Denver (JD)",2019,Centennial[17],(age 43)
Colorado 7,Ed Perlmutter,,Democratic,Colorado Senate,"University of Colorado Boulder (BA, JD)",2007,Arvada[18],(age 69)
Connecticut 1,John B. Larson,,Democratic,Connecticut SenateEast Hartford City CouncilEast Hartford Board of Education,Central Connecticut State University (BA),1999,East Hartford,(age 74)
Connecticut 2,Joe Courtney,,Democratic,Connecticut House of Representatives,Tufts University (BA)University of Connecticut (JD),2007,Vernon,(age 69)
Connecticut 3,Rosa DeLauro,,Democratic,Executive Director of EMILY's ListPolitical aide,"Marymount College, Tarrytown (BA)London School of Economics(MA)Columbia University (MA)",1991,New Haven,(age 79)
Connecticut 4,Jim Himes,,Democratic,Financial executiveGreenwich Housing Authority Board,"Harvard University (BA)St Edmund Hall, Oxford (MPhil)",2009,Cos Cob,(age 56)
Connecticut 5,Jahana Hayes,,Democratic,Teacher,Naugatuck Valley Community CollegeSouthern Connecticut State University (BA)University of Saint Joseph (MA)University of Bridgeport (SYC),2019,Wolcott,(age 49)
Delaware at-large,Lisa Blunt Rochester,,Democratic,Delaware Health and Social Services SecretaryDelaware Labor SecretaryDelaware Personnel Director,Fairleigh Dickinson University(BA)University of Delaware (MA),2017,Wilmington,(age 60)
Florida 1,Matt Gaetz,,Republican,Florida House of Representatives,Florida State University (BS)College of William & Mary (JD),2017,Fort Walton Beach,(age 40)
Florida 2,Neal Dunn,,Republican,Surgeon,Washington and Lee University (BS)George Washington University (MD),2017,Panama City,(age 69)
Florida 3,Kat Cammack,,Republican,Political advisor,Metropolitan State University of Denver (BA)Naval War College (MS),2021,Gainesville,(age 34)
Florida 4,John Rutherford,,Republican,Sheriff of Duval County,Florida State CollegeFlorida State University (BS),2017,Jacksonville,(age 69)
Florida 5,Al Lawson,,Democratic,Florida Senate,Florida A&M University (BA)Florida State University (MPA),2017,Tallahassee,(age 73)
Florida 6,Michael Waltz,,Republican,U.S. ArmyIntelligence analyst,Virginia Military Institute (BS),2019,St. Augustine Beach[19],(age 48)
Florida 7,Stephanie Murphy,,Democratic,AdvisorEducator,College of William & Mary (BA)Georgetown University (MS),2017,Winter Park,(age 43)
Florida 8,Bill Posey,,Republican,Florida SenateFlorida House of RepresentativesRockledge City Council,Eastern Florida State College,2009,Rockledge,(age 74)
Florida 9,Darren Soto,,Democratic,Florida SenateFlorida House of Representatives,Rutgers University–New Brunswick (BA)George Washington University (JD),2017,Kissimmee[20],(age 44)
Florida 10,Val Demings,,Democratic,Chief of the Orlando Police Department,Florida State University (BS),2017,Orlando,(age 65)
Florida 11,Daniel Webster,,Republican,Florida SenateSpeaker of Florida House of Representatives,Georgia Institute of Technology (BS),2011,Clermont[21],(age 73)
Florida 12,Gus Bilirakis,,Republican,Florida House of Representatives,St. Petersburg CollegeUniversity of Florida (BA)Stetson University (JD),2007,Palm Harbor,(age 59)
Florida 13,Charlie Crist,,Democratic,Governor of FloridaAttorney General of FloridaEducation Commissioner of FloridaFlorida Senate,Wake Forest UniversityFlorida State University (BA)Samford University (JD),2017,St. Petersburg,(age 66)
Florida 14,Kathy Castor,,Democratic,Assistant General Counsel to the Florida Department of Community AffairsPresident of the Florida Association of Women LawyersHillsborough County Board of Commissioners,Emory University (BA)Florida State University (JD),2007,Tampa,(age 55)
Florida 15,Scott Franklin,,Republican,Lakeland City Commission,United States Naval Academy (BA)Embry–Riddle Aeronautical University (MBA),2021,Lakeland,(age 57)
Florida 16,Vern Buchanan,,Republican,Auto dealer,Cleary University (BA)University of Detroit Mercy (MBA),2007,Sarasota[22],(age 71)
Florida 17,Greg Steube,,Republican,Florida SenateFlorida House of Representatives,"University of Florida (BS, JD)",2019,Sarasota,(age 44)
Florida 18,Brian Mast,,Republican,U.S. Army Soldier,Palm Beach Atlantic UniversityAmerican Military UniversityHarvard University (BLA),2017,Palm City[23],(age 42)
Florida 19,Byron Donalds,,Republican,Florida House of Representatives,Florida State University (BS),2021,Naples,(age 43)
Florida 20,Sheila Cherfilus-McCormick,,Democratic,CEO of Trinity Health,Howard University (BA)St. Thomas University (JD),2022 (special),Miramar,(age 43)
Florida 21,Lois Frankel,,Democratic,Mayor of West Palm BeachFlorida House of Representatives,Boston University (BA)Georgetown University (JD),2013,West Palm Beach,(age 74)
Florida 22,Ted Deutch,,Democratic,Florida Senate,"University of Michigan (BA, JD)",2010 (special),Boca Raton,(age 56)
Florida 23,Debbie Wasserman Schultz,,Democratic,Florida SenateFlorida House of RepresentativesDemocratic National Committee Chair,"University of Florida (BA, MA)",2005,Weston,(age 55)
Florida 24,Frederica Wilson,,Democratic,Florida SenateFlorida House of RepresentativesMiami-Dade County Public Schools Board,Fisk University (BA)University of Miami (MA),2011,Miami Gardens,(age 79)
Florida 25,Mario Díaz-Balart,,Republican,Florida SenateFlorida House of Representatives,University of South Florida (BA),2003,Miami,(age 60)
Florida 26,Carlos Giménez,,Republican,Mayor of Miami-Dade CountyMiami-Dade County Commission,Barry University (BPA),2021,Miami,(age 68)
Florida 27,Maria Elvira Salazar,,Republican,News anchor Journalist,Miami Dade CollegeUniversity of Miami (BA)Harvard University (MPA),2021,Miami,(age 60)
Georgia 1,Buddy Carter,,Republican,Georgia SenateGeorgia House of RepresentativesMayor of Pooler,Young Harris CollegeUniversity of Georgia (BS),2015,Pooler,(age 64)
Georgia 2,Sanford Bishop,,Democratic,Georgia SenateGeorgia House of Representatives,Morehouse College (BA)Emory University (JD),1993,Albany,(age 75)
Georgia 3,Drew Ferguson,,Republican,Mayor of West Point,University of Georgia (BS)Augusta University (DMD),2017,West Point,(age 55)
Georgia 4,Hank Johnson,,Democratic,DeKalb County CommissionerAssociate Magistrate Judge,Clark Atlanta University (BA)Texas Southern University (JD),2007,Lithonia,(age 67)
Georgia 5,Nikema Williams,,Democratic,Georgia Senate Chair of the Georgia Democratic Party,Talladega College (BA),2021,Atlanta,(age 43)
Georgia 6,Lucy McBath,,Democratic,Activist,Virginia State University (BA),2019,Marietta,(age 62)
Georgia 7,Carolyn Bourdeaux,,Democratic,Professor,Yale University (BA)University of Southern California (MPA)Syracuse University (DPA),2021,Suwanee,(age 52)
Georgia 8,Austin Scott,,Republican,Georgia House of Representatives,University of Georgia (BA),2011,Tifton,(age 52)
Georgia 9,Andrew Clyde,,Republican,U.S. Navy Commander,University of Notre Dame (BA)Bethel University (BBA)University of Georgia (MBA),2021,Athens,(age 58)
Georgia 10,Jody Hice,,Republican,Radio show hostSouthern Baptist pastor,Asbury University (BA)Southwestern Baptist Theological Seminary (MDiv)Luther Rice College and Seminary (DMin),2015,Greensboro[24],(age 62)
Georgia 11,Barry Loudermilk,,Republican,Georgia State SenateGeorgia House of Representatives,Air UniversityWayland Baptist University (BS),2015,Cassville,(age 58)
Georgia 12,Rick W. Allen,,Republican,Businessman,Auburn University (BS),2015,Augusta,(age 70)
Georgia 13,David Scott,,Democratic,Georgia State SenateGeorgia House of Representatives,Florida A&M University (BA)University of Pennsylvania (MBA),2003,Atlanta,(age 77)
Georgia 14,Marjorie Taylor Greene,,Republican,Businesswoman Activist,University of Georgia (BBA),2021,Rome[25],(age 47)
Hawaii 1,Ed Case,,Democratic,U.S. HouseHawaii House of Representatives,"Williams College (BA)University of California, Hastings (JD)",2019,Kaneohe,(age 69)
Hawaii 2,Kai Kahele,,Democratic,Hawaii Senate,University of Hawai'i at Mānoa (BA),2021,Hilo,(age 48)
Idaho 1,Russ Fulcher,,Republican,Idaho Senate,"Boise State University (BA, MBA)",2019,Meridian,(age 60)
Idaho 2,Mike Simpson,,Republican,Idaho House of RepresentativesBlackfoot City Council,Utah State University (BS)Washington University in St. Louis (DMD),1999,Idaho Falls,(age 71)
Illinois 1,Bobby Rush,,Democratic,Chicago City Council,Roosevelt University (BGS)University of Illinois Chicago (MA)McCormick Theological Seminary (MA),1993,Chicago[26],(age 75)
Illinois 2,Robin Kelly,,Democratic,Illinois House of RepresentativesChief of Staff to the Illinois TreasurerChief Administrative Officer to the Cook County President,"Bradley University (BA, MA)Northern Illinois University (PhD)",2013 (special),Matteson,(age 66)
Illinois 3,Marie Newman,,Democratic,Businesswoman Activist,University of Wisconsin–Madison (BA),2021,La Grange,(age 58)
Illinois 4,"Jesús ""Chuy"" García",,Democratic,Cook County Board of CommissionersIllinois SenateChicago City Council,"University of Illinois Chicago (BA, MUP)",2019,Chicago,(age 66)
Illinois 5,Mike Quigley,,Democratic,Cook County Board of Commissioners,Roosevelt University (BA)University of Chicago (MPP)Loyola University Chicago (JD),2009 (special),Chicago,(age 63)
Illinois 6,Sean Casten,,Democratic,Entrepreneur,"Middlebury College (BA)Dartmouth College (MSEM, MS)",2019,Downers Grove,(age 50)
Illinois 7,Danny K. Davis,,Democratic,Chicago City CouncilCook County Board of Commissioners,University of Arkansas at Pine Bluff (BA)Chicago State University (MS)Union Institute & University (PhD),1997,Chicago,(age 80)
Illinois 8,Raja Krishnamoorthi,,Democratic,Public servantAttorney,Princeton University (BS)Harvard University (JD),2017,Schaumburg,(age 49)
Illinois 9,Jan Schakowsky,,Democratic,Illinois House of Representatives,University of Illinois Urbana-Champaign (BS),1999,Evanston,(age 78)
Illinois 10,Brad Schneider,,Democratic,U.S. HouseManagement consultant,"Northwestern University (BS, MBA)",2017,Deerfield,(age 60)
Illinois 11,Bill Foster,,Democratic,U.S. HouseResearch physicistBusinessman,"University of Wisconsin–Madison (BS)Harvard University (MS, PhD)",2013,Naperville,(age 66)
Illinois 12,Mike Bost,,Republican,Illinois House of RepresentativesFirefighter,–,2015,Murphysboro,(age 61)
Illinois 13,Rodney Davis,,Republican,Congressional staffer,Millikin University (BA),2013,Taylorville,(age 52)
Illinois 14,Lauren Underwood,,Democratic,Registered nurse,"University of Michigan (BSN)Johns Hopkins University (MSN, MPH)",2019,Naperville,(age 35)
Illinois 15,Mary Miller,,Republican,Farmer,"Eastern Illinois University (BA, BS)",2021,Oakland,(age 62)
Illinois 16,Adam Kinzinger,,Republican,McLean County Board of CommissionersAir Force pilot,Illinois State University (BA),2011,Channahon[27],(age 44)
Illinois 17,Cheri Bustos,,Democratic,East Moline City CouncilHealthcare executiveJournalist,"University of Maryland, College Park (BA)University of Illinois Springfield (MA)",2013,Moline[28],(age 60)
Illinois 18,Darin LaHood,,Republican,Illinois SenateProsecutor U.S. Attorney's OfficeDeputy Prosecutor Tazewell County,"Loras College (BA)John Marshall Law School, Chicago (JD)",2015 (special),Peoria[29],(age 54)
Indiana 1,Frank J. Mrvan,,Democratic,North Township Trustee,Ball State University (BS),2021,Highland[30],(age 53)
Indiana 2,Jackie Walorski,,Republican,Indiana House of Representatives,Liberty UniversityTaylor University (BA),2013,Elkhart[31],(age 58)
Indiana 3,Jim Banks,,Republican,Indiana Senate,Indiana University Bloomington (BA)Grace College & Seminary (MBA),2017,Columbia City,(age 43)
Indiana 4,Jim Baird,,Republican,Indiana House of RepresentativesPutnam County Commission,"Purdue University, West Lafayette (BS, MS)University of Kentucky (PhD)",2019,Greencastle,(age 77)
Indiana 5,Victoria Spartz,,Republican,Indiana Senate,"Kyiv National Economic University (BS, MBA)Indiana University, Indianapolis (MAcc)",2021,Noblesville,(age 43)
Indiana 6,Greg Pence,,Republican,Businessman,"Loyola University Chicago (BA, MBA)",2019,Columbus[32],(age 65)
Indiana 7,André Carson,,Democratic,Indianapolis City-County Council,Concordia University Wisconsin (BA)Indiana Wesleyan University (MS),2008 (special),Indianapolis[33],(age 47)
Indiana 8,Larry Bucshon,,Republican,Heart surgeon,University of Illinois Urbana-Champaign (BS)University of Illinois Chicago (MD),2011,Evansville[34],(age 60)
Indiana 9,Trey Hollingsworth,,Republican,CEO of Hollingsworth Capital Partners,University of Pennsylvania (BS)Georgetown University (MPP),2017,Jeffersonville,(age 38)
Iowa 1,Ashley Hinson,,Republican,Iowa House of RepresentativesNews anchor,University of Southern California (BA),2021,Marion,(age 39)
Iowa 2,Mariannette Miller-Meeks,,Republican,Iowa SenatePhysicianU.S. Army Lieutenant Colonel,"Texas Christian University (BS)University of Southern California (MS)University of Texas, San Antonio (MD)",2021,Ottumwa,(age 66)
Iowa 3,Cindy Axne,,Democratic,Businesswoman,University of Iowa (BA)Northwestern University (MBA),2019,West Des Moines,(age 57)
Iowa 4,Randy Feenstra,,Republican,Iowa Senate Sioux County Treasurer,Dordt University (BA)Iowa State University (MPA),2021,Hull,(age 53)
Kansas 1,Tracey Mann,,Republican,Lieutenant Governor of Kansas Real estate agent Businessman,Kansas State University (BS),2021,Salina,(age 45)
Kansas 2,Jake LaTurner,,Republican,Kansas State Treasurer Kansas Senate,Pittsburg State University (BA),2021,Topeka[35],(age 34)
Kansas 3,Sharice Davids,,Democratic,AttorneyMixed martial artist,Haskell Indian Nations UniversityUniversity of KansasJohnson County Community CollegeUniversity of Missouri–Kansas City (BA)Cornell University (JD),2019,Roeland Park[36],(age 42)
Kansas 4,Ron Estes,,Republican,Kansas State Treasurer,"Tennessee Technological University (BS, MBA)",2017 (special),Wichita,(age 66)
Kentucky 1,James Comer,,Republican,Kentucky House of RepresentativesAgriculture Commissioner of Kentucky,Western Kentucky University (BS),2016 (special),Tompkinsville,(age 49)
Kentucky 2,Brett Guthrie,,Republican,Kentucky Senate,United States Military Academy (BS)Yale University (MBA),2009,Bowling Green,(age 58)
Kentucky 3,John Yarmuth,,Democratic,"Newspaper publisherVice-president for University Relations, University of Louisville",Yale University (BA)Georgetown University,2007,Louisville,(age 74)
Kentucky 4,Thomas Massie,,Republican,Judge-Executive of Lewis County,"Massachusetts Institute of Technology (BS, MS)",2012 (special),Garrison,(age 51)
Kentucky 5,Hal Rogers,,Republican,Commonwealth's Attorney for Pulaski County and Rockcastle County,Western Kentucky University (BA)University of Kentucky (LLB),1981,Somerset[37],(age 84)
Kentucky 6,Andy Barr,,Republican,Attorney,University of Virginia (BA)University of Kentucky (JD),2013,Lexington,(age 49)
Louisiana 1,Steve Scalise,,Republican,Louisiana State SenateLouisiana House of Representatives,Louisiana State University (BS),2008 (special),Jefferson,(age 56)
Louisiana 2,Troy Carter,,Democratic,Louisiana State SenateLouisiana House of RepresentativesNew Orleans City Council,Xavier University of Louisiana (BA),2021 (special),New Orleans,(age 58)
Louisiana 3,Clay Higgins,,Republican,Reserve Deputy Marshal of Lafayette,Louisiana State University,2017,Lafayette[38],(age 60)
Louisiana 4,Mike Johnson,,Republican,Louisiana House of Representatives,"Louisiana State University (BA, JD)",2017,Benton,(age 50)
Louisiana 5,Julia Letlow,,Republican,College administrator,"University of Louisiana at Monroe (BA, MA)University of South Florida (PhD)",2021 (special),Start,(age 41)
Louisiana 6,Garret Graves,,Republican,Louisiana Coastal Protection and Restoration Authority,University of AlabamaLouisiana Tech UniversityAmerican University,2015,Baton Rouge,(age 50)
Maine 1,Chellie Pingree,,Democratic,"Maine State Senate President, Common Cause",University of Southern Maine College of the Atlantic (BS),2009,North Haven,(age 67)
Maine 2,Jared Golden,,Democratic,Maine House of Representatives,"University of Maine, FarmingtonBates College (BA)",2019,Lewiston,(age 40)
Maryland 1,Andy Harris,,Republican,Maryland State SenateAnesthesiologist,"Johns Hopkins University (BS, MD, MHS)",2011,Cockeysville,(age 65)
Maryland 2,Dutch Ruppersberger,,Democratic,Baltimore County ExecutiveChief of the Office of Investigative Division for Maryland's Department of JusticeBaltimore County Assistant State's Attorney,"Baltimore City CollegeUniversity of Maryland, College Park (BA)University of Baltimore (JD)",2003,Cockeysville[39],(age 76)
Maryland 3,John Sarbanes,,Democratic,AttorneyLaw clerk,Princeton University (BA)Harvard University (JD),2007,Baltimore[40],(age 60)
Maryland 4,Anthony G. Brown,,Democratic,Lieutenant Governor of MarylandMaryland House of Delegates,"Harvard University (BA, JD)",2017,Bowie[41],(age 60)
Maryland 5,Steny Hoyer,,Democratic,President of the Maryland State SenateMaryland Board of Higher Education,"University of Maryland, College Park (BA)Georgetown University (JD)",1981 (special),Mechanicsville,(age 83)
Maryland 6,David Trone,,Democratic,Businessman,Furman University (BA)University of Pennsylvania (MBA),2019,Potomac,(age 66)
Maryland 7,Kweisi Mfume,,Democratic,Baltimore City Council U.S. House President of the NAACP,Baltimore City Community CollegeMorgan State University (BA)Johns Hopkins University (MA),2020 (special),Baltimore,(age 73)
Maryland 8,Jamie Raskin,,Democratic,Maryland State Senate Majority Whip,"Harvard University (BA, JD)",2017,Takoma Park,(age 59)
Massachusetts 1,Richard Neal,,Democratic,Mayor of Springfield,Holyoke Community CollegeAmerican International College (BA)University of Hartford (MA),1989,Springfield,(age 73)
Massachusetts 2,Jim McGovern,,Democratic,Congressional staff member,"American University (BA, MPA)",1997,Worcester,(age 62)
Massachusetts 3,Lori Trahan,,Democratic,"Businesswoman, Chief of Staff to Rep. Marty Meehan",Georgetown University (BA),2019,Westford,(age 48)
Massachusetts 4,Jake Auchincloss,,Democratic,Newton City Council,Harvard University (BA)Massachusetts Institute of Technology (MBA),2021,Newton[42],(age 34)
Massachusetts 5,Katherine Clark,,Democratic,Massachusetts SenateMassachusetts House of RepresentativesAttorney,St. Lawrence University (BA)Cornell University (JD)Harvard University (MPA),2013 (special),Melrose,(age 59)
Massachusetts 6,Seth Moulton,,Democratic,BusinessmanActivistU.S. Marine Corps Captain,"Harvard University (BS, MBA, MPP)",2015,Salem,(age 43)
Massachusetts 7,Ayanna Pressley,,Democratic,Boston City Council,Boston University,2019,Boston[43],(age 48)
Massachusetts 8,Stephen F. Lynch,,Democratic,Massachusetts SenateMassachusetts House of Representatives,Wentworth Institute of Technology (BS)Boston College (JD)Harvard University (MPA),2001 (special),Boston,(age 67)
Massachusetts 9,Bill Keating,,Democratic,Massachusetts House of RepresentativesMassachusetts SenateNorfolk County District Attorney,"Boston College (BA, MBA)Suffolk University (JD)",2011,Bourne,(age 69)
Michigan 1,Jack Bergman,,Republican,U.S. Marine Corps Lieutenant General,Gustavus Adolphus College (BA)University of West Florida (MBA),2017,Watersmeet,(age 75)
Michigan 2,Bill Huizenga,,Republican,Michigan House of Representatives,Calvin College (BA),2011,Holland[44],(age 53)
Michigan 3,Peter Meijer,,Republican,Businessman,United States Military AcademyColumbia University (BA)New York University (MBA),2021,Grand Rapids,(age 34)
Michigan 4,John Moolenaar,,Republican,Michigan SenateMichigan House of Representatives,Hope College (BS)Harvard University (MPA),2015,Midland,(age 61)
Michigan 5,Dan Kildee,,Democratic,Genesee County Treasurer,University of Michigan–FlintCentral Michigan University (BS),2013,Flushing[45],(age 63)
Michigan 6,Fred Upton,,Republican,U.S. government administrator,University of Michigan (BA),1987,St. Joseph,(age 69)
Michigan 7,Tim Walberg,,Republican,U.S. HouseMichigan House of Representatives,"Western Illinois UniversityMoody Bible InstituteTaylor University (BA)Wheaton College, Illinois (MA)",2011,Tipton,(age 71)
Michigan 8,Elissa Slotkin,,Democratic,Assistant Secretary of Defense for International Security Affairs,Cornell University (BA)Columbia University (MA),2019,Holly,(age 46)
Michigan 9,Andy Levin,,Democratic,Attorney,"Williams College (BA)University of Michigan, Ann Arbor (MA)Harvard University (JD)",2019,Bloomfield,(age 61)
Michigan 10,Lisa McClain,,Republican,Businesswoman,Lansing Community CollegeNorthwood University (BA),2021,Bruce[46],(age 56)
Michigan 11,Haley Stevens,,Democratic,Presidential Task Force on the Auto Industry,"American University (BA, MA)",2019,Rochester Hills,(age 39)
Michigan 12,Debbie Dingell,,Democratic,"President of the General Motors Foundation, Wayne State University's board of governor's, Lobbyist","Georgetown University (BS, MS)",2015,Dearborn,(age 68)
Michigan 13,Rashida Tlaib,,Democratic,Michigan House of Representatives,Wayne State University (BA)Thomas M. Cooley Law School (JD),2019,Detroit,(age 46)
Michigan 14,Brenda Lawrence,,Democratic,Mayor of Southfield,University of Detroit MercyCentral Michigan University (BA),2015,Southfield,(age 67)
Minnesota 1,VACANT,VACANT,VACANT,VACANT,VACANT,VACANT,VACANT,VACANT
Minnesota 2,Angie Craig,,Democratic,Medical technology executiveReporter,University of Memphis (BA),2019,Eagan,(age 50)
Minnesota 3,Dean Phillips,,Democratic,Businessman,Brown University (BA)University of Minnesota (MBA),2019,Deephaven,(age 53)
Minnesota 4,Betty McCollum,,Democratic,North St. Paul City CouncilMinnesota House of Representatives,St. Catherine University (BA),2001,Saint Paul,(age 68)
Minnesota 5,Ilhan Omar,,Democratic,Minnesota House of Representatives,North Dakota State University (BA),2019,Minneapolis,(age 39)
Minnesota 6,Tom Emmer,,Republican,Minnesota House of Representatives,Boston CollegeUniversity of Alaska Fairbanks (BA)William Mitchell College of Law (JD),2015,Delano,(age 61)
Minnesota 7,Michelle Fischbach,,Republican,Lieutenant Governor of Minnesota President of the Minnesota Senate Minnesota Senate,St. Cloud State University (BA)William Mitchell College of Law (JD),2021,Regal[47],(age 56)
Minnesota 8,Pete Stauber,,Republican,St. Louis County Commission Police lieutenant Professional hockey player,Lake Superior State University (BA),2019,Hermantown,(age 56)
Mississippi 1,Trent Kelly,,Republican,"District attorney,Tupelo City prosecutorArmy National Guard Colonel","East Central Community CollegeUniversity of Mississippi (BA, JD)United States Army War College (MA)",2015 (special),Saltillo,(age 56)
Mississippi 2,Bennie Thompson,,Democratic,Alderman and Mayor of BoltonHinds County Board of Supervisors,Tougaloo College (BA)Jackson State University (MS),1993 (special),Bolton,(age 74)
Mississippi 3,Michael Guest,,Republican,District Attorney for Madison and Rankin Counties,Mississippi State University (BS)University of Mississippi (JD),2019,Brandon,(age 52)
Mississippi 4,Steven Palazzo,,Republican,Mississippi House of Representatives,"University of Southern Mississippi (BA, MPA)",2011,Biloxi[48],(age 52)
Missouri 1,Cori Bush,,Democratic,Registered nurse Pastor Activist,Lutheran School of Nursing (GrDip),2021,St. Louis,(age 46)
Missouri 2,Ann Wagner,,Republican,U.S. Ambassador to Luxembourg,University of Missouri (BS),2013,Ballwin,(age 59)
Missouri 3,Blaine Luetkemeyer,,Republican,Missouri House of RepresentativesState Tourism Director,"Lincoln University, Missouri (BA)",2009,St. Elizabeth,(age 70)
Missouri 4,Vicky Hartzler,,Republican,Missouri House of Representatives,University of Missouri (BS)University of Central Missouri (MS),2011,Harrisonville,(age 61)
Missouri 5,Emanuel Cleaver,,Democratic,Mayor of Kansas CityPastorRadio show host,Prairie View A&M University (BS)Saint Paul School of Theology (MDiv),2005,Kansas City,(age 77)
Missouri 6,Sam Graves,,Republican,Missouri Senate,University of Missouri (BS),2001,Tarkio,(age 58)
Missouri 7,Billy Long,,Republican,Auctioneer,University of Missouri,2011,Springfield,(age 66)
Missouri 8,Jason Smith,,Republican,Missouri House of Representatives,University of Missouri (BS)Oklahoma City University (JD),2013 (special),Salem,(age 42)
Montana at-large,Matt Rosendale,,Republican,Montana State AuditorMontana SenateMontana House of Representatives,–,2021,Glendive,(age 62)
Nebraska 1,Mike Flood,,Republican,Speaker of the Nebraska Legislature,University of Notre Dame (BA)University of Nebraska–Lincoln (JD),2022 (special),Norfolk[49],(age 47)
Nebraska 2,Don Bacon,,Republican,U.S. Air Force Brigadier General,Northern Illinois University (BA)University of Phoenix (MBA)National Defense University (MA),2017,Papillion,(age 58)
Nebraska 3,Adrian Smith,,Republican,Nebraska LegislatureGering City Council,Liberty UniversityUniversity of Nebraska–Lincoln (BA),2007,Gering,(age 51)
Nevada 1,Dina Titus,,Democratic,U.S. HouseNevada Senate,College of William & Mary (BA)University of Georgia (MA)Florida State University (PhD),2013,Las Vegas,(age 72)
Nevada 2,Mark Amodei,,Republican,Nevada SenateNevada Assembly,"University of Nevada, Reno (BA)University of the Pacific (JD)",2011 (special),Carson City,(age 64)
Nevada 3,Susie Lee,,Democratic,Education advocate,"Carnegie Mellon University (BA, MS)",2019,Las Vegas,(age 55)
Nevada 4,Steven Horsford,,Democratic,U.S. HouseNevada Senate,"University of Nevada, Reno (BA)",2019,Las Vegas,(age 49)
New Hampshire 1,Chris Pappas,,Democratic,New Hampshire Executive CouncilTreasurer of Hillsborough CountyNew Hampshire House of Representatives,Harvard University (BA),2019,Manchester,(age 42)
New Hampshire 2,Annie Kuster,,Democratic,AttorneyLobbyist,Dartmouth College (BA)Georgetown University (JD),2013,Hopkinton,(age 65)
New Jersey 1,Donald Norcross,,Democratic,New Jersey SenateNew Jersey General Assembly,Camden County CollegeRutgers University-Camden,2014 (special),Camden,(age 63)
New Jersey 2,Jeff Van Drew,,Republican,New Jersey SenateNew Jersey General Assembly,Rutgers University–New Brunswick (BS)Fairleigh Dickinson University (DMD),2019,Dennis Township,(age 69)
New Jersey 3,Andy Kim,,Democratic,National security adviser,"Deep Springs CollegeUniversity of Chicago (BA)Magdalen College, Oxford (MPhil, DPhil)",2019,Moorestown,(age 40)
New Jersey 4,Chris Smith,,Republican,Retail executive,The College of New Jersey (BS),1981,Hamilton Township,(age 69)
New Jersey 5,Josh Gottheimer,,Democratic,AttorneyPolitical aide,"University of Pennsylvania (BA)Pembroke College, OxfordHarvard University (JD)",2017,Wyckoff,(age 47)
New Jersey 6,Frank Pallone,,Democratic,New Jersey SenateLong Branch City Council,Middlebury College (BA)Tufts University (MA)Rutgers University–Camden (JD),1988 (special),Long Branch[50],(age 70)
New Jersey 7,Tom Malinowski,,Democratic,"Assistant Secretary of State for Democracy, Human Rights, and Labor","University of California, Berkeley (BA)St Antony's College, Oxford (MPhil)",2019,Rocky Hill[51][52],(age 56)
New Jersey 8,Albio Sires,,Democratic,Mayor of West New YorkNew Jersey General Assembly,Saint Peter's University (BA)Middlebury College (MA),2006 (special),West New York,(age 71)
New Jersey 9,Bill Pascrell,,Democratic,New Jersey General AssemblyMayor of Paterson,"Fordham University (BA, MA)",1997,Paterson,(age 85)
New Jersey 10,Donald Payne Jr.,,Democratic,Newark Municipal CouncilEssex County Freeholder,Kean University,2012 (special),Newark,(age 63)
New Jersey 11,Mikie Sherrill,,Democratic,Assistant United States Attorney for the District of New JerseyU.S. Navy helicopter pilot,United States Naval Academy (BS)London School of Economics (MSc)Georgetown University (JD),2019,Montclair,(age 50)
New Jersey 12,Bonnie Watson Coleman,,Democratic,New Jersey General Assembly,Rutgers University-CamdenThomas Edison State University (BA),2015,Ewing Township,(age 77)
New Mexico 1,Melanie Stansbury,,Democratic,New Mexico House of Representatives,Saint Mary's College of California (BA)Cornell University (MS),2021 (special),Albuquerque,(age 43)
New Mexico 2,Yvette Herrell,,Republican,New Mexico House of Representatives,ITT Technical Institute (GrCert),2021,Alamogordo,(age 58)
New Mexico 3,Teresa Leger Fernandez,,Democratic,Attorney,Yale University (BA)Stanford University (JD),2021,Santa Fe,(age 63)
New York 1,Lee Zeldin,,Republican,New York Senate,"University at Albany, SUNY (BA)Union University, New York (JD)",2015,Shirley,(age 42)
New York 2,Andrew Garbarino,,Republican,New York State Assembly,George Washington University (BA)Hofstra University (JD),2021,Sayville,(age 37)
New York 3,Thomas Suozzi,,Democratic,County Executive of Nassau CountyMayor of Glen Cove,Boston College (BA)Fordham University (JD),2017,Glen Cove,(age 59)
New York 4,Kathleen Rice,,Democratic,District Attorney of Nassau County,Catholic University of America (BA)Touro College (JD),2015,Garden City,(age 57)
New York 5,Gregory Meeks,,Democratic,New York State Assembly,Adelphi University (BA)Howard University (JD),1998 (special),Queens[53],(age 68)
New York 6,Grace Meng,,Democratic,New York State Assembly,University of Michigan (BA)Yeshiva University (JD),2013,Queens,(age 46)
New York 7,Nydia Velázquez,,Democratic,"Director, Dept. of Puerto Rican Community Affairs","University of Puerto Rico, Río Piedras (BA)New York University (MA)",1993,Brooklyn,(age 69)
New York 8,Hakeem Jeffries,,Democratic,New York State Assembly,Binghamton University (BA)Georgetown University (MPP)New York University (JD),2013,Brooklyn,(age 51)
New York 9,Yvette Clarke,,Democratic,New York City Council,Oberlin CollegeMedgar Evers College,2007,Brooklyn,(age 57)
New York 10,Jerry Nadler,,Democratic,New York State Assembly,Columbia University (BA)Fordham University (JD),1992 (special),Manhattan,(age 75)
New York 11,Nicole Malliotakis,,Republican,New York State Assembly,Seton Hall University (BA)Wagner College (MBA),2021,Staten Island,(age 41)
New York 12,Carolyn Maloney,,Democratic,New York City Council,Greensboro College (BA),1993,Manhattan,(age 76)
New York 13,Adriano Espaillat,,Democratic,New York State SenateNew York State Assembly,"Queens College, City University of New York (BA)",2017,Manhattan,(age 67)
New York 14,Alexandria Ocasio-Cortez,,Democratic,Bartender,Boston University (BA),2019,The Bronx,(age 32)
New York 15,Ritchie Torres,,Democratic,New York City Council,New York University,2021,The Bronx,(age 34)
New York 16,Jamaal Bowman,,Democratic,Middle school principal,University of New Haven (BA)Mercy College (MA)Manhattanville College (EdD),2021,Yonkers,(age 46)
New York 17,Mondaire Jones,,Democratic,Attorney,Stanford University (BA)Harvard University (JD),2021,Nyack,(age 35)
New York 18,Sean Patrick Maloney,,Democratic,Attorney,"Georgetown UniversityUniversity of Virginia (BA, JD)",2013,Cold Spring[54],(age 55)
New York 19,VACANT,VACANT,VACANT,VACANT,VACANT,VACANT,VACANT,VACANT
New York 20,Paul Tonko,,Democratic,New York State Assembly,Clarkson University (BS),2009,Amsterdam,(age 73)
New York 21,Elise Stefanik,,Republican,Civil servantPolitical activist,Harvard University (BA),2015,Schuylerville,(age 38)
New York 22,Claudia Tenney,,Republican,U.S. HouseNew York State Assembly,Colgate University (BA)University of Cincinnati (JD),2021,New Hartford,(age 61)
New York 23,VACANT,VACANT,VACANT,VACANT,VACANT,VACANT,VACANT,VACANT
New York 24,John Katko,,Republican,"Attorney, Prosecutor U.S. Attorney's Office",Niagara University (BA)Syracuse University (JD),2015,Syracuse[55],(age 59)
New York 25,Joseph Morelle,,Democratic,New York State Assembly,State University of New York at Geneseo (BA),2018 (special),Irondequoit,(age 65)
New York 26,Brian Higgins,,Democratic,Buffalo Common CouncilNew York State Assembly,"Buffalo State College (BA, MA)Harvard University (MPA)",2005,Buffalo,(age 62)
New York 27,Chris Jacobs,,Republican,New York State SenateSecretary of State of New YorkErie County Clerk,Boston College (BA)American University (MA)University at Buffalo (JD),2020 (special),Orchard Park,(age 55)
North Carolina 1,G. K. Butterfield,,Democratic,North Carolina Supreme Court Justice,"North Carolina Central University (BA, JD)",2004 (special),Wilson,(age 75)
North Carolina 2,Deborah Ross,,Democratic,North Carolina House of Representatives,Brown University (AB)University of North Carolina at Chapel Hill (JD),2021,Raleigh,(age 59)
North Carolina 3,Greg Murphy,,Republican,North Carolina House of Representatives,Davidson College (BA)University of North Carolina at Chapel Hill (MD),2019 (special),Greenville,(age 59)
North Carolina 4,David Price,,Democratic,U.S. HouseCollege professor,"Mars Hill UniversityUniversity of North Carolina at Chapel Hill (BA)Yale University (BDiv, PhD)",1997,Chapel Hill,(age 81)
North Carolina 5,Virginia Foxx,,Republican,North Carolina Senate,"University of North Carolina at Chapel Hill (BA)University of North Carolina at Greensboro (MA, EdD)",2005,Banner Elk,(age 79)
North Carolina 6,Kathy Manning,,Democratic,Attorney,Harvard University (AB)University of Michigan (JD),2021,Greensboro,(age 65)
North Carolina 7,David Rouzer,,Republican,North Carolina Senate,North Carolina State University (BS),2015,Wilmington[56],(age 50)
North Carolina 8,Richard Hudson,,Republican,Businessman,University of North Carolina at Charlotte (BA),2013,Concord,(age 50)
North Carolina 9,Dan Bishop,,Republican,North Carolina SenateNorth Carolina House of Representatives Mecklenburg County Commission,"University of North Carolina at Chapel Hill (BS, JD)",2019 (special),Charlotte,(age 58)
North Carolina 10,Patrick McHenry,,Republican,North Carolina House of Representatives,North Carolina State UniversityBelmont Abbey College (BA),2005,Lake Norman[57],(age 46)
North Carolina 11,Madison Cawthorn,,Republican,Congressional staffer[58] Restaurant worker[59],Patrick Henry College,2021,Hendersonville,(age 26)
North Carolina 12,Alma Adams,,Democratic,North Carolina House of Representatives,"North Carolina A&T State University (BS, MS)Ohio State University (PhD)",2014 (special),Charlotte,(age 76)
North Carolina 13,Ted Budd,,Republican,Businessman,Appalachian State University (BS)Dallas Theological Seminary (MA)Wake Forest University (MBA),2017,Advance,(age 50)
North Dakota at-large,Kelly Armstrong,,Republican,North Dakota SenateChair of the North Dakota Republican Party,"University of North Dakota (BA, JD)",2019,Dickinson,(age 45)
Ohio 1,Steve Chabot,,Republican,Cincinnati City CouncilHamilton County CommissionerU.S. House,College of William & Mary (BA)Northern Kentucky University (JD),2011,Cincinnati,(age 69)
Ohio 2,Brad Wenstrup,,Republican,Physician,"University of Cincinnati (BA)Rosalind Franklin University (BS, DPM)",2013,Cincinnati,(age 64)
Ohio 3,Joyce Beatty,,Democratic,Ohio House of Representatives,Central State University (BA)Wright State University (MS)University of Cincinnati,2013,Columbus,(age 72)
Ohio 4,Jim Jordan,,Republican,Ohio SenateOhio House of Representatives,University of Wisconsin–Madison (BS)Ohio State University (MA)Capital University (JD),2007,Urbana[60],(age 58)
Ohio 5,Bob Latta,,Republican,Wood County CommissionerOhio House of RepresentativesOhio Senate,Bowling Green State University (BA)University of Toledo (JD),2007,Bowling Green,(age 66)
Ohio 6,Bill Johnson,,Republican,United States Air Force,Troy University (BS)Georgia Institute of Technology (MS),2011,Marietta,(age 67)
Ohio 7,Bob Gibbs,,Republican,Ohio SenateOhio House of Representatives,"Ohio State University, Wooster",2011,Lakeville[61],(age 68)
Ohio 8,Warren Davidson,,Republican,Businessman,United States Military Academy (BS)University of Notre Dame (MBA),2016 (special),Troy,(age 52)
Ohio 9,Marcy Kaptur,,Democratic,"Domestic Policy Advisor, Carter Adm.",University of Wisconsin–Madison (BA)University of Michigan (MUP)Massachusetts Institute of Technology,1983,Toledo,(age 76)
Ohio 10,Mike Turner,,Republican,Mayor of Dayton,Ohio Northern University (BA)Case Western Reserve University (JD)University of Dayton (MBA),2003,Dayton,(age 62)
Ohio 11,Shontel Brown,,Democratic,Cuyahoga County Council,Cuyahoga Community College (AS),2021 (special),Warrensville Heights,(age 47)
Ohio 12,Troy Balderson,,Republican,Ohio Senate,Muskingum UniversityOhio State University,2018 (special),Zanesville,(age 60)
Ohio 13,Tim Ryan,,Democratic,Ohio Senate,"Youngstown State UniversityBowling Green State University (BA)University of New Hampshire, Concord (JD)",2003,Warren[62],(age 49)
Ohio 14,David Joyce,,Republican,Geauga County Prosecutor,"University of Dayton (BS, JD)",2013,Russell Township[63],(age 65)
Ohio 15,Mike Carey,,Republican,Lobbyist,Marion Military Institute (AA)Ohio State University (BA),2021 (special),Columbus,(age 51)
Ohio 16,Anthony Gonzalez,,Republican,Football player,Ohio State University (BA)Stanford University (MBA),2019,Rocky River,(age 37)
Oklahoma 1,Kevin Hern,,Republican,Businessman,"Arkansas Tech University (BS)Georgia Institute of TechnologyUniversity of Arkansas, Little Rock (MBA)",2018 (special),Tulsa,(age 60)
Oklahoma 2,Markwayne Mullin,,Republican,BusinessmanMixed martial artist,"Missouri Valley CollegeOklahoma State University, Okmulgee",2013,Westville,(age 44)
Oklahoma 3,Frank Lucas,,Republican,Oklahoma House of Representatives,Oklahoma State University–Stillwater (BS),1994 (special),Cheyenne[64],(age 62)
Oklahoma 4,Tom Cole,,Republican,Oklahoma SenateOklahoma Secretary of StateCollege professor,Grinnell College (BA)Yale University (MA)University of Oklahoma (PhD),2003,Moore,(age 73)
Oklahoma 5,Stephanie Bice,,Republican,Oklahoma Senate,"Oklahoma State University, Stillwater (BS)",2021,Oklahoma City[65],(age 48)
Oregon 1,Suzanne Bonamici,,Democratic,Oregon House of RepresentativesOregon State Senate,"Lane Community CollegeUniversity of Oregon (BA, JD)",2012 (special),Beaverton,(age 67)
Oregon 2,Cliff Bentz,,Republican,Oregon State Senate,Eastern Oregon University (BA)Lewis and Clark College (JD),2021,Ontario,(age 70)
Oregon 3,Earl Blumenauer,,Democratic,Oregon House of Representatives Multnomah County Commissioner Portland City Commissioner,"Lewis & Clark College (BA, JD)",1996 (special),Portland,(age 73)
Oregon 4,Peter DeFazio,,Democratic,Lane County Commissioner,Tufts University (BA)University of Oregon (MA),1987,Springfield,(age 75)
Oregon 5,Kurt Schrader,,Democratic,VeterinarianOregon State Senate,"Cornell University (BA)University of Illinois Urbana-Champaign (BS, DVM)",2009,Canby,(age 70)
Pennsylvania 1,Brian Fitzpatrick,,Republican,FBI agentSpecial Assistant U.S. Attorney,"La Salle University (BS)Pennsylvania State University (MBA)Pennsylvania State University, Carlisle (JD)",2017,Levittown,(age 48)
Pennsylvania 2,Brendan Boyle,,Democratic,Pennsylvania House of Representatives,University of Notre Dame (BA)Harvard University (MPP),2015,Philadelphia,(age 45)
Pennsylvania 3,Dwight Evans,,Democratic,Pennsylvania House of Representatives,Community College of Philadelphia (AA)La Salle University (BA),2016 (special),Philadelphia,(age 68)
Pennsylvania 4,Madeleine Dean,,Democratic,Pennsylvania House of Representatives,La Salle University (BA)Widener University (JD),2019,Jenkintown[66],(age 63)
Pennsylvania 5,Mary Gay Scanlon,,Democratic,Attorney,Colgate University (BA)University of Pennsylvania (JD),2018 (special),Swarthmore,(age 62)
Pennsylvania 6,Chrissy Houlahan,,Democratic,EntrepreneurU.S. Air Force,Stanford University (BS)Massachusetts Institute of Technology (MS),2019,Devon,(age 55)
Pennsylvania 7,Susan Wild,,Democratic,Solicitor of Allentown,American University (BA)George Washington University (JD),2018 (special),Allentown[67],(age 65)
Pennsylvania 8,Matt Cartwright,,Democratic,Attorney,"Hamilton College, New York (BA)University of Pennsylvania (JD)",2013,Moosic,(age 61)
Pennsylvania 9,Dan Meuser,,Republican,Secretary of Revenue of Pennsylvania,State University of New York Maritime CollegeCornell University (BA),2019,Dallas,(age 58)
Pennsylvania 10,Scott Perry,,Republican,Pennsylvania House of RepresentativesBusinessmanU.S. Army,Pennsylvania State University (BS)United States Army War College (MS),2013,Dillsburg[68],(age 60)
Pennsylvania 11,Lloyd Smucker,,Republican,Pennsylvania Senate,Lebanon Valley CollegeFranklin and Marshall College,2017,Lancaster[69],(age 58)
Pennsylvania 12,Fred Keller,,Republican,Pennsylvania House of Representatives,–,2019 (special),Middleburg[70],(age 56)
Pennsylvania 13,John Joyce,,Republican,Dermatologist,"Pennsylvania State University, AltoonaPennsylvania State University, University Park (BS)Temple University (MD)",2019,Hollidaysburg[71],(age 65)
Pennsylvania 14,Guy Reschenthaler,,Republican,Pennsylvania SenateJudgeU.S. Navy,"Pennsylvania State University, Behrend (BA)Duquesne University (JD)",2019,Peters Township[72],(age 39)
Pennsylvania 15,Glenn Thompson,,Republican,Chair of the Centre County Republican Committee,Pennsylvania State University (BS)Temple University (MEd),2009,Howard[73],(age 62)
Pennsylvania 16,Mike Kelly,,Republican,Butler City Council,University of Notre Dame (BA),2011,Butler,(age 74)
Pennsylvania 17,Conor Lamb,,Democratic,Assistant U.S. Attorney for the Western District of PennsylvaniaU.S. Marine Corps,"University of Pennsylvania (BA, JD)",2018 (special),Mt. Lebanon,(age 38)
Pennsylvania 18,Mike Doyle,,Democratic,Pennsylvania State Senate Chief of Staff,Pennsylvania State University (BS),1995,Pittsburgh,(age 68)
Rhode Island 1,David Cicilline,,Democratic,Mayor of ProvidenceRhode Island House of Representatives,Brown University (BA)Georgetown University (JD),2011,Providence,(age 61)
Rhode Island 2,James Langevin,,Democratic,Secretary of State of Rhode IslandRhode Island House of Representatives,Rhode Island College (BA)Harvard University (MPA),2001,Warwick,(age 58)
South Carolina 1,Nancy Mace,,Republican,South Carolina House of Representatives,The Citadel (BS)University of Georgia (MS),2021,Charleston,(age 44)
South Carolina 2,Joe Wilson,,Republican,South Carolina Senate,Washington and Lee University (BA)University of South Carolina (JD),2001 (special),Springdale[74],(age 74)
South Carolina 3,Jeff Duncan,,Republican,South Carolina House of Representatives,Clemson University (BA),2011,Laurens,(age 56)
South Carolina 4,William Timmons,,Republican,AttorneyEntrepreneur,"George Washington University (BA)University of South Carolina (MA, JD)",2019,Greenville,(age 38)
South Carolina 5,Ralph Norman,,Republican,South Carolina House of RepresentativesReal estate developer,Presbyterian College (BS),2017 (special),Rock Hill,(age 69)
South Carolina 6,Jim Clyburn,,Democratic,Political aideTeacher,South Carolina State University (BA),1993,Columbia,(age 82)
South Carolina 7,Tom Rice,,Republican,AttorneyBusinessmanHorry County Council Chair,"University of South Carolina (BS, MA, JD)",2013,Myrtle Beach,(age 64)
South Dakota at-large,Dusty Johnson,,Republican,Chief of Staff to the Governor of South DakotaSouth Dakota Public Utilities Commission,University of South Dakota (BA)University of Kansas (MPA),2019,Mitchell,(age 45)
Tennessee 1,Diana Harshbarger,,Republican,Pharmacist,East Tennessee State University (BS)Mercer University (PharmD),2021,Kingsport,(age 62)
Tennessee 2,Tim Burchett,,Republican,Mayor of Knox CountyTennessee SenateTennessee House of Representatives,"University of Tennessee,Knoxville (BS)",2019,Knoxville,(age 57)
Tennessee 3,Chuck Fleischmann,,Republican,Attorney,University of Illinois Urbana-Champaign (BA)University of Tennessee (JD),2011,Chattanooga[75],(age 59)
Tennessee 4,Scott DesJarlais,,Republican,Physician,"University of South Dakota (BS, MD)",2011,Sherwood[76],(age 58)
Tennessee 5,Jim Cooper,,Democratic,U.S. HouseCollege professor,"University of North Carolina at Chapel Hill (BA)Oriel College, Oxford (MA)Harvard University (JD)",2003,Nashville,(age 68)
Tennessee 6,John Rose,,Republican,Commissioner of Agriculture of Tennessee,"Tennessee Technological University (BS)Purdue University, West Lafayette (MS)Vanderbilt University (JD)",2019,Cookeville,(age 57)
Tennessee 7,Mark E. Green,,Republican,Tennessee Senate,United States Military Academy (BS)University of Southern California (MA)Wright State University (MD),2019,Clarksville,(age 57)
Tennessee 8,David Kustoff,,Republican,Attorney for the United States District Court for the Western District of Tennessee,"University of Memphis (BA, JD)",2017,Germantown[77],(age 55)
Tennessee 9,Steve Cohen,,Democratic,Tennessee SenateAttorney,Vanderbilt University (BA)University of Memphis (JD),2007,Memphis,(age 73)
Texas 1,Louie Gohmert,,Republican,Texas appeals court judge,Texas A&M University (BA)Baylor University (JD),2005,Tyler,(age 68)
Texas 2,Dan Crenshaw,,Republican,U.S. Navy SEAL,Tufts University (BA)Harvard University (MPA),2019,Houston[78],(age 38)
Texas 3,Van Taylor,,Republican,Texas SenateTexas House of Representatives,"Harvard University (BA, MBA)",2019,Plano,(age 49)
Texas 4,Pat Fallon,,Republican,Texas SenateTexas House of RepresentativesUnited States Air Force second lieutenant,University of Notre Dame (BA),2021,Sherman[79],(age 54)
Texas 5,Lance Gooden,,Republican,Texas House of Representatives,"University of Texas, Austin (BA, BBA)",2019,Terrell[80],(age 39)
Texas 6,Jake Ellzey,,Republican,Texas House of Representatives United States Navy commander,United States Naval Academy (BS),2021 (special),Midlothian,(age 52)
Texas 7,Lizzie Pannill Fletcher,,Democratic,Attorney,Kenyon College (BA)College of William and Mary (JD),2019,Houston,(age 47)
Texas 8,Kevin Brady,,Republican,Texas House of Representatives,University of South Dakota (BA),1997,The Woodlands,(age 67)
Texas 9,Al Green,,Democratic,Harris County Justice of the PeaceHouston NAACP president,Florida A&M UniversityTuskegee University (BA)Texas Southern University (JD),2005,Houston,(age 74)
Texas 10,Michael McCaul,,Republican,AttorneyFederal prosecutor,"Trinity University (BA)St. Mary's University, Texas (JD)",2005,Austin[81],(age 60)
Texas 11,August Pfluger,,Republican,U.S. National Security CouncilUnited States Air Force Lieutenant colonel,United States Air Force Academy (BS) Embry–Riddle Aeronautical University (MS) Air University (MS) Georgetown University (MS),2021,San Angelo,(age 43)
Texas 12,Kay Granger,,Republican,Mayor of Fort Worth,Texas Wesleyan University (BA),1997,Fort Worth,(age 79)
Texas 13,Ronny Jackson,,Republican,Chief Medical Advisor to the PresidentPhysician to the PresidentUnited States Navy Rear admiral,Texas A&M University (BS)University of Texas Medical Branch (MD),2021,Amarillo,(age 55)
Texas 14,Randy Weber,,Republican,Texas House of RepresentativesPearland City Council,Alvin Community CollegeUniversity of Houston–Clear Lake (BS),2013,Friendswood[82],(age 69)
Texas 15,Vicente Gonzalez,,Democratic,Food processing executiveTexas State Board of Education,Embry–Riddle Aeronautical University (BA)Texas Wesleyan University (JD),2017,McAllen,(age 54)
Texas 16,Veronica Escobar,,Democratic,El Paso County CommissionEl Paso County Judge,"University of Texas, El Paso (BA)New York University (MA)",2019,El Paso,(age 52)
Texas 17,Pete Sessions,,Republican,U.S. House,Southwestern University (BS),2021,Waco,(age 67)
Texas 18,Sheila Jackson Lee,,Democratic,Houston City Council Municipal judge,Yale University (BA) University of Virginia (JD),1995,Houston,(age 72)
Texas 19,Jodey Arrington,,Republican,EducatorPublic administratorWhite House aide,"Texas Tech University (BA, MPA)",2017,Lubbock,(age 50)
Texas 20,Joaquin Castro,,Democratic,Texas House of Representatives,Stanford University (BA)Harvard University (JD),2013,San Antonio,(age 47)
Texas 21,Chip Roy,,Republican,First Assistant Attorney General of Texas,"University of Virginia (BS, MS)University of Texas, Austin (JD)",2019,Austin,(age 49)
Texas 22,Troy Nehls,,Republican,Sheriff of Fort Bend County,Liberty University (BA)University of Houston–Downtown (MA),2021,Richmond,(age 54)
Texas 23,Tony Gonzales,,Republican,United States Navy Master Chief Petty Officer,Chaminade University (AA)Excelsior College (BS)American Public University (MA),2021,San Antonio,(age 41)
Texas 24,Beth Van Duyne,,Republican,Mayor of Irving,Cornell University (BA),2021,Irving,(age 51)
Texas 25,Roger Williams,,Republican,Secretary of State of Texas,Texas Christian University (BA),2013,Austin[83],(age 72)
Texas 26,Michael C. Burgess,,Republican,Physician,"University of North Texas (BS, MS)University of Texas, Houston (MD)University of Texas at Dallas (MS)",2003,Pilot Point[84],(age 71)
Texas 27,Michael Cloud,,Republican,Chair of the Victoria County Republican Party,Oral Roberts University (BS),2018 (special),Victoria,(age 47)
Texas 28,Henry Cuellar,,Democratic,Texas House of RepresentativesTexas Secretary of State,"Laredo Community CollegeGeorgetown University (BA)University of Texas at Austin (JD, PhD)Texas A&M International University (MA)",2005,Laredo,(age 66)
Texas 29,Sylvia Garcia,,Democratic,Texas Senate,Texas Woman's University (BA)Texas Southern University (JD),2019,Houston,(age 71)
Texas 30,Eddie Bernice Johnson,,Democratic,Texas SenateNurse,"St Mary's College, IndianaTexas Christian University (BS)Southern Methodist University (MPA)",1993,Dallas,(age 86)
Texas 31,John Carter,,Republican,Texas state district judge,Texas Tech University (BA)University of Texas at Austin (JD),2003,Round Rock,(age 80)
Texas 32,Colin Allred,,Democratic,AttorneyFootball player,"Baylor University (BA)University of California, Berkeley (JD)",2019,Dallas,(age 39)
Texas 33,Marc Veasey,,Democratic,Texas House of Representatives,Texas Wesleyan University (BA),2013,Fort Worth,(age 51)
Texas 34,Mayra Flores,,Republican,Respiratory therapist,"Texas State Technical College, Harlingen (AA)South Texas College (BS)",2022 (special),McAllen[85],(age 36)
Texas 35,Lloyd Doggett,,Democratic,Texas SenateTexas Supreme Court justiceCollege professor,"University of Texas at Austin (BA, JD)",1995,Austin,(age 75)
Texas 36,Brian Babin,,Republican,Lower Neches Valley AuthorityTexas Historical CommissionMayor of Woodville,"Lamar University (BS)University of Texas, Houston (DDS)",2015,Woodville,(age 74)
Utah 1,Blake Moore,,Republican,United States Foreign Service officer,University of Utah (BA)Northwestern University (MS),2021,Salt Lake City[86],(age 42)
Utah 2,Chris Stewart,,Republican,AuthorBusinessman,Utah State University (BA),2013,Farmington,(age 62)
Utah 3,John Curtis,,Republican,Mayor of Provo,Brigham Young University (BS),2017 (special),Provo,(age 62)
Utah 4,Burgess Owens,,Republican,Businessman National Football League player,University of Miami (BS),2021,Salt Lake City[87],(age 70)
Vermont at-large,Peter Welch,,Democratic,Vermont Senate President Pro Tempore,"College of the Holy Cross (BA)University of California, Berkeley (JD)",2007,Norwich,(age 75)
Virginia 1,Rob Wittman,,Republican,Mayor of Montross Westmoreland County Board of SupervisorsVirginia House of Delegates,Virginia Tech (BS) University of North Carolina at Chapel Hill (MPH) Virginia Commonwealth University (PhD),2007 (special),Montross,(age 63)
Virginia 2,Elaine Luria,,Democratic,U.S. Navy Commander,United States Naval Academy (BS)Old Dominion University (MS),2019,Norfolk,(age 46)
Virginia 3,Bobby Scott,,Democratic,Virginia SenateVirginia House of Delegates,Harvard University (BA)Boston College (JD),1993,Newport News,(age 75)
Virginia 4,Donald McEachin,,Democratic,Virginia SenateVirginia House of Delegates,American University (BA)University of Virginia (JD)Virginia Union University (MDiv),2017,Richmond[88],(age 60)
Virginia 5,Bob Good,,Republican,Liberty University Athletic Director Campbell County Board of Supervisors,"Liberty University (BS, MBA)",2021,Evington[89],(age 56)
Virginia 6,Ben Cline,,Republican,Virginia House of Delegates,Bates College (BA)University of Richmond (JD),2019,Rockbridge County,(age 50)
Virginia 7,Abigail Spanberger,,Democratic,CIA operations officer,University of Virginia (BA)Purdue University (MBA),2019,Glen Allen,(age 42)
Virginia 8,Don Beyer,,Democratic,U.S. Ambassador to Switzerland and LiechtensteinLieutenant Governor of Virginia,Williams College (BA),2015,Alexandria,(age 72)
Virginia 9,Morgan Griffith,,Republican,Virginia House of Delegates,Emory and Henry College (BA) Washington and Lee University (JD),2011,Salem,(age 64)
Virginia 10,Jennifer Wexton,,Democratic,Virginia Senate,"University of Maryland, College Park (BA)College of William and Mary (JD)",2019,Leesburg,(age 54)
Virginia 11,Gerry Connolly,,Democratic,Fairfax County Board of Supervisors Chair,"Maryknoll College (Glen Ellyn, Illinois)[90] (BA)Harvard University (MPA)",2009,Fairfax,(age 72)
Washington 1,Suzan DelBene,,Democratic,Washington Department of Revenue Director,Reed College (BS)University of Washington (MBA),2012 (special),Medina,(age 60)
Washington 2,Rick Larsen,,Democratic,Snohomish County Council,Pacific Lutheran University (BA)University of Minnesota (MPA),2001,Everett[91],(age 57)
Washington 3,Jaime Herrera Beutler,,Republican,Washington House of Representatives,Bellevue CollegeUniversity of Washington (BA),2011,Battle Ground[92],(age 43)
Washington 4,Dan Newhouse,,Republican,Washington House of Representatives,Washington State University (BS),2015,Sunnyside,(age 67)
Washington 5,Cathy McMorris Rodgers,,Republican,Washington House of Representatives,Pensacola Christian College (BA)University of Washington (MBA),2005,Spokane[93],(age 53)
Washington 6,Derek Kilmer,,Democratic,Washington State Senate,"Princeton University (BA)University of Oxford (MA, PhD)",2013,Gig Harbor[94],(age 48)
Washington 7,Pramila Jayapal,,Democratic,Washington State Senate,Georgetown University (BA)Northwestern University (MBA),2017,Seattle,(age 56)
Washington 8,Kim Schrier,,Democratic,Pediatrician,"University of California, Berkeley (BS)University of California, Davis (MD)",2019,Sammamish,(age 53)
Washington 9,Adam Smith,,Democratic,Washington State Senate,Western Washington UniversityFordham University (BA)University of Washington (JD),1997,Bellevue,(age 57)
Washington 10,Marilyn Strickland,,Democratic,Mayor of Tacoma,University of Washington (BA)Clark Atlanta University (MBA),2021,Tacoma,(age 59)
West Virginia 1,David McKinley,,Republican,West Virginia House of DelegatesBusinessman,Purdue University (BS),2011,Wheeling,(age 75)
West Virginia 2,Alex Mooney,,Republican,Maryland Senate,Dartmouth College (BA),2015,Charles Town,(age 51)
West Virginia 3,Carol Miller,,Republican,West Virginia House of Delegates,"Columbia College, South Carolina (BA)",2019,Huntington[95],(age 71)
Wisconsin 1,Bryan Steil,,Republican,Congressional aideAttorney,Georgetown University (BS)University of Wisconsin–Madison (JD),2019,Janesville,(age 41)
Wisconsin 2,Mark Pocan,,Democratic,Wisconsin State Assembly,University of Wisconsin–Madison (BA),2013,Vermont[96],(age 57)
Wisconsin 3,Ron Kind,,Democratic,County Prosecutor,Harvard University (BA)London School of Economics(MA)University of Minnesota (JD),1997,La Crosse,(age 59)
Wisconsin 4,Gwen Moore,,Democratic,Wisconsin State SenateWisconsin State Assembly,Marquette University (BA),2005,Milwaukee,(age 71)
Wisconsin 5,Scott Fitzgerald,,Republican,Wisconsin State Senate,University of Wisconsin–Oshkosh (BS),2021,Clyman[97],(age 58)
Wisconsin 6,Glenn Grothman,,Republican,Wisconsin SenateWisconsin State Assembly,"University of Wisconsin–Madison (BA, JD)",2015,Glenbeulah[98],(age 67)
Wisconsin 7,Tom Tiffany,,Republican,Wisconsin SenateWisconsin State Assembly,University of Wisconsin–River Falls (BS),2020 (special),Minocqua,(age 64)
Wisconsin 8,Mike Gallagher,,Republican,Political advisorU.S. Marine Corps,"Princeton University (BA)National Intelligence University (MS)Georgetown University (MA, MS, PhD)",2017,Green Bay,(age 38)
Wyoming at-large,Liz Cheney,,Republican,Principal Deputy Assistant Secretary of State for Near Eastern Affairs,Colorado College (BA)University of Chicago (JD),2017,Wilson[99],(age 55)
